{"_type":"export","__export_format":4,"__export_date":"2023-11-27T23:37:57.672Z","__export_source":"insomnia.desktop.app:v8.4.5","resources":[{"_id":"req_c4e3a6d8fb0d44b194d2e645d77cad13","parentId":"wrk_71229124c15a46628bebf0cf9c7461e4","modified":1700689935850,"created":1699654622858,"url":"localhost:8080/softskills/317884a7-939d-42bf-8149-293b92074c4b","name":"Deletar SoftSkill","description":"","method":"DELETE","body":{},"parameters":[],"headers":[{"name":"User-Agent","value":"insomnia/8.4.0"}],"authentication":{},"metaSortKey":-1699654622858,"isPrivate":false,"settingStoreCookies":true,"settingSendCookies":true,"settingDisableRenderRequestBody":false,"settingEncodeUrl":true,"settingRebuildPath":true,"settingFollowRedirects":"global","_type":"request"},{"_id":"wrk_71229124c15a46628bebf0cf9c7461e4","parentId":null,"modified":1698706062524,"created":1698706062524,"name":"Request Json","description":"","scope":"collection","_type":"workspace"},{"_id":"req_cc773f5c03f54d04ba761cf7f9a684bc","parentId":"wrk_71229124c15a46628bebf0cf9c7461e4","modified":1700873285723,"created":1699663095298,"url":"localhost:8080/demandas","name":"Cadastrar Demandas","description":"","method":"POST","body":{"mimeType":"multipart/form-data","params":[{"id":"pair_07cde1e506fd450da96cdf1eec2c96e0","name":"titulo","value":"demanda7","description":""},{"id":"pair_09a3d1218b764916b0919c2a413506dc","name":"logo","value":"string","description":""},{"id":"pair_851f735a12e145e283a7ba229f78d529","name":"descricao","value":"demanda1","description":""},{"id":"pair_7b3bd9d3b793447e89e32c65eb3c3491","name":"prioridade","value":"alta","description":""},{"id":"pair_fa56fba805b34f6f99edb360506aabda","name":"privacidade","value":"1","description":""},{"id":"pair_77be8f0bca57451e8a90d743cc56cda4","name":"status","value":"ok","description":""},{"id":"pair_b9ae3ecb4d414729b62d0110daba7ebc","name":"data_final","value":"10/10/2024","description":""},{"id":"pair_29fb082019984ae8899aa96ee52d78fa","name":"custo","value":"100000","description":""},{"id":"pair_8b9ae5f0e9584279afc4e9225354efc4","name":"copy_anexo","value":"","description":"","type":"file","fileName":"C:\\Users\\35056968897\\Desktop\\OIP.jpg"},{"id":"pair_aadec1c573804c149cb86d938193c50b","name":"id_cliente","value":"2337277-4860-995a-ffefe30adb76","description":""},{"id":"pair_c257aa07f9d64e12bbf26a9ec230a8db","name":"id_segmento","value":"85f81ce8-f0ef-49ff-ab71-dccda2afb09b","description":""},{"id":"pair_8ae7df957ea64fe4901536db94413dae","name":"id_usuario","value":"533fb9d1-903e-46e0-96d3-6916c0336557","description":""}]},"parameters":[],"headers":[{"name":"Content-Type","value":"multipart/form-data"},{"name":"User-Agent","value":"insomnia/8.3.0"}],"authentication":{},"metaSortKey":-1699183902705.5,"isPrivate":false,"settingStoreCookies":true,"settingSendCookies":true,"settingDisableRenderRequestBody":false,"settingEncodeUrl":true,"settingRebuildPath":true,"settingFollowRedirects":"global","_type":"request"},{"_id":"req_ee8fcbcb870c488093d621e7955f02c6","parentId":"wrk_71229124c15a46628bebf0cf9c7461e4","modified":1700689831493,"created":1698713182553,"url":"localhost:8080/clientes","name":"Cadastrar Cliente","description":"","method":"POST","body":{"mimeType":"multipart/form-data","params":[{"id":"pair_6bd427998e154236a7bbd3f896eb15b6","name":"nome_empresa","value":"123344Milhos","description":""},{"id":"pair_26053913344e4938839d068033b4c5c1","name":"nome_cliente","value":"adagalberto","description":""},{"id":"pair_1b7391e7587a40e59f47a066a0356fdc","name":"telefone","value":"1192324554","description":""},{"id":"pair_c2d769d514934a0d8a05ab0937e9dc28","name":"email","value":"1233445@123344.com","description":""},{"id":"pair_ce9deee04309438a8d63a09ab0169f6b","name":"image","value":"","description":"","type":"file","fileName":"C:\\Users\\35056968897\\Desktop\\OIP.jpg"}]},"parameters":[],"headers":[{"name":"Content-Type","value":"multipart/form-data"},{"name":"User-Agent","value":"insomnia/8.3.0"}],"authentication":{},"metaSortKey":-1698713182553,"isPrivate":false,"settingStoreCookies":true,"settingSendCookies":true,"settingDisableRenderRequestBody":false,"settingEncodeUrl":true,"settingRebuildPath":true,"settingFollowRedirects":"global","_type":"request"},{"_id":"req_1c7c7c9e723e45728887cc64d0022665","parentId":"wrk_71229124c15a46628bebf0cf9c7461e4","modified":1700689825815,"created":1699654806657,"url":"localhost:8080/hardskills","name":"Cadastrar HardSkills","description":"","method":"POST","body":{"mimeType":"application/json","text":"{\n\t\"nome\":\"html\"\n}"},"parameters":[],"headers":[{"name":"Content-Type","value":"application/json"},{"name":"User-Agent","value":"insomnia/8.3.0"}],"authentication":{},"metaSortKey":-1698713077961,"isPrivate":false,"settingStoreCookies":true,"settingSendCookies":true,"settingDisableRenderRequestBody":false,"settingEncodeUrl":true,"settingRebuildPath":true,"settingFollowRedirects":"global","_type":"request"},{"_id":"req_c7a3397ce63243e8b76ad64349396bc6","parentId":"wrk_71229124c15a46628bebf0cf9c7461e4","modified":1700689820421,"created":1699654872001,"url":"localhost:8080/softskills","name":"Cadastrar SoftSkills","description":"","method":"POST","body":{"mimeType":"application/json","text":"{\n\t\"nome\":\"Metodologias Ageis\"\n}"},"parameters":[],"headers":[{"name":"Content-Type","value":"application/json"},{"name":"User-Agent","value":"insomnia/8.3.0"}],"authentication":{},"metaSortKey":-1698713025665,"isPrivate":false,"settingStoreCookies":true,"settingSendCookies":true,"settingDisableRenderRequestBody":false,"settingEncodeUrl":true,"settingRebuildPath":true,"settingFollowRedirects":"global","_type":"request"},{"_id":"req_bd15a707034f42bca1dad52098fa4025","parentId":"wrk_71229124c15a46628bebf0cf9c7461e4","modified":1700689814537,"created":1699654999066,"url":"localhost:8080/segmentos","name":"Cadastrar Segmentos","description":"","method":"POST","body":{"mimeType":"application/json","text":"{\n\t\"segmento\":\"desenvolvimento desktop\"\n}"},"parameters":[],"headers":[{"name":"Content-Type","value":"application/json"},{"name":"User-Agent","value":"insomnia/8.3.0"}],"authentication":{},"metaSortKey":-1698712999517,"isPrivate":false,"settingStoreCookies":true,"settingSendCookies":true,"settingDisableRenderRequestBody":false,"settingEncodeUrl":true,"settingRebuildPath":true,"settingFollowRedirects":"global","_type":"request"},{"_id":"req_3eeba19cb67242519ca8a6dd13486799","parentId":"wrk_71229124c15a46628bebf0cf9c7461e4","modified":1700690846593,"created":1698712973369,"url":"localhost:8080/login","name":"post login","description":"","method":"POST","body":{"mimeType":"application/json","text":"{\n\t\"email\": \"okokokokokoko22@okokook22\",\n\t\"senha\": \"12346722\"\n}"},"parameters":[],"headers":[{"name":"Content-Type","value":"application/json"},{"name":"User-Agent","value":"insomnia/8.3.0"}],"authentication":{},"metaSortKey":-1698712973369,"isPrivate":false,"settingStoreCookies":true,"settingSendCookies":true,"settingDisableRenderRequestBody":false,"settingEncodeUrl":true,"settingRebuildPath":true,"settingFollowRedirects":"global","_type":"request"},{"_id":"req_121f42e42e1c45bf83f0b5d6c5339771","parentId":"wrk_71229124c15a46628bebf0cf9c7461e4","modified":1700689801859,"created":1698712971764,"url":"localhost:8080/hardskills","name":"Listar HardSkills","description":"","method":"GET","body":{"mimeType":"application/json","text":""},"parameters":[],"headers":[{"name":"Content-Type","value":"application/json"},{"name":"User-Agent","value":"insomnia/8.3.0"}],"authentication":{},"metaSortKey":-1698712971764,"isPrivate":false,"settingStoreCookies":true,"settingSendCookies":true,"settingDisableRenderRequestBody":false,"settingEncodeUrl":true,"settingRebuildPath":true,"settingFollowRedirects":"global","_type":"request"},{"_id":"req_0cda3c18abfd4a1dbae9aa73e3c4a1d3","parentId":"wrk_71229124c15a46628bebf0cf9c7461e4","modified":1700690874447,"created":1700690864234,"url":"localhost:8080/segmentos","name":"Listar Segmentos","description":"","method":"GET","body":{"mimeType":"application/json","text":""},"parameters":[],"headers":[{"name":"Content-Type","value":"application/json"},{"name":"User-Agent","value":"insomnia/8.3.0"}],"authentication":{},"metaSortKey":-1698712971381.5,"isPrivate":false,"settingStoreCookies":true,"settingSendCookies":true,"settingDisableRenderRequestBody":false,"settingEncodeUrl":true,"settingRebuildPath":true,"settingFollowRedirects":"global","_type":"request"},{"_id":"req_2a5db5ec272d4610be78cf7cfdcc4cf5","parentId":"wrk_71229124c15a46628bebf0cf9c7461e4","modified":1700689798020,"created":1698712970999,"url":"localhost:8080/softskills","name":"Listar SoftSkills","description":"","method":"GET","body":{},"parameters":[],"headers":[{"name":"User-Agent","value":"insomnia/8.3.0"}],"authentication":{},"metaSortKey":-1698712970999,"isPrivate":false,"settingStoreCookies":true,"settingSendCookies":true,"settingDisableRenderRequestBody":false,"settingEncodeUrl":true,"settingRebuildPath":true,"settingFollowRedirects":"global","_type":"request"},{"_id":"req_d5204e8a16424f77a7cd10fff8b40f70","parentId":"wrk_71229124c15a46628bebf0cf9c7461e4","modified":1700689793755,"created":1698712970214,"url":"localhost:8080/demandas","name":"Listar Demandas","description":"","method":"GET","body":{},"parameters":[],"headers":[{"name":"User-Agent","value":"insomnia/8.3.0"}],"authentication":{},"metaSortKey":-1698712970214,"isPrivate":false,"settingStoreCookies":true,"settingSendCookies":true,"settingDisableRenderRequestBody":false,"settingEncodeUrl":true,"settingRebuildPath":true,"settingFollowRedirects":"global","_type":"request"},{"_id":"req_7d97e8190128414487acedb169ce1802","parentId":"wrk_71229124c15a46628bebf0cf9c7461e4","modified":1700689789557,"created":1698712968059,"url":"localhost:8080/clientes","name":"Listar Clientes","description":"","method":"GET","body":{"mimeType":"application/json","text":""},"parameters":[],"headers":[{"name":"Content-Type","value":"application/json"},{"name":"User-Agent","value":"insomnia/8.3.0"}],"authentication":{},"metaSortKey":-1698712968059,"isPrivate":false,"settingStoreCookies":true,"settingSendCookies":true,"settingDisableRenderRequestBody":false,"settingEncodeUrl":true,"settingRebuildPath":true,"settingFollowRedirects":"global","_type":"request"},{"_id":"req_05b2b88754b444ef9760c634d8655072","parentId":"wrk_71229124c15a46628bebf0cf9c7461e4","modified":1701127577140,"created":1698706066338,"url":"localhost:8080/usuarios","name":"Cadastrar Usuario","description":"","method":"POST","body":{"mimeType":"multipart/form-data","params":[{"id":"pair_cc192d1ca4ff453fbc10e30921220c26","name":"nome","value":"guilherme","description":""},{"id":"pair_753c91c09cb54e4ca18c440a759cb997","name":"tipo_usuario","value":"GESTOR","description":""},{"id":"pair_e7f1c9f8775a4cdd962eb85d8320c9b8","name":"sobrenome","value":"pedro","description":""},{"id":"pair_5e9762bb01264cdcb3b7219c9c5e7296","name":"telefone","value":"1234567","description":""},{"id":"pair_4d9abf10e6d742cd814399407c9a8d93","name":"email","value":"emai5@email","description":""},{"id":"pair_71ad1fec53ff48c0aa2086c26cff42b6","name":"senha","value":"12345","description":""},{"id":"pair_0d1f578c23d14adfad901820d175377f","name":"dataDaferias","value":"10/05/2024","description":""},{"id":"pair_0d38b1ade0614f129d64350401691877","name":"designacao","value":"Front-End","description":""},{"id":"pair_60dabd35d0db4f5cb429fb197a0395ca","name":"cidade","value":"135","description":""},{"id":"pair_5828751fca564437bee7360249c804d8","name":"estado","value":"135","description":""},{"id":"pair_061ae59b300b48a785c288f6b808e560","name":"descricao","value":"135","description":""},{"id":"pair_abda9cf315be40808e1753202bfbd747","name":"horasDaSemana","value":"10:10:10","description":""},{"id":"pair_d546a3749e6a408887bfb0e90e7e38dc","name":"foto","value":"","description":"","type":"file","fileName":"C:\\Users\\35056968897\\Desktop\\OIP.jpg"}]},"parameters":[],"headers":[{"name":"Content-Type","value":"multipart/form-data"},{"name":"User-Agent","value":"insomnia/8.3.0"}],"authentication":{},"metaSortKey":-1698646170210,"isPrivate":false,"settingStoreCookies":true,"settingSendCookies":true,"settingDisableRenderRequestBody":false,"settingEncodeUrl":true,"settingRebuildPath":true,"settingFollowRedirects":"global","_type":"request"},{"_id":"req_134a7ab94089436886b8a1a5e028b69a","parentId":"wrk_71229124c15a46628bebf0cf9c7461e4","modified":1701127641505,"created":1699662688168,"url":"localhost:8080/usuarios/8c6105ca-1dd9-465e-bb44-1454e9345dc7","name":"Listar Usuarios","description":"","method":"GET","body":{"mimeType":"application/json","text":""},"parameters":[],"headers":[{"name":"Content-Type","value":"application/json"},{"name":"User-Agent","value":"insomnia/8.3.0"}],"authentication":{},"metaSortKey":-1698579372361,"isPrivate":false,"settingStoreCookies":true,"settingSendCookies":true,"settingDisableRenderRequestBody":false,"settingEncodeUrl":true,"settingRebuildPath":true,"settingFollowRedirects":"global","_type":"request"},{"_id":"req_da225b844c0743798f7cc321ce401abc","parentId":"wrk_71229124c15a46628bebf0cf9c7461e4","modified":1700780153419,"created":1700780147530,"url":"localhost:8080/usuarios/527175fe-4774-49ea-bbfa-d68c1fab6b22","name":"Deletar Usuarios","description":"","method":"DELETE","body":{"mimeType":"application/json","text":""},"parameters":[],"headers":[{"name":"Content-Type","value":"application/json"},{"name":"User-Agent","value":"insomnia/8.3.0"}],"authentication":{},"metaSortKey":-1698516025372.5,"isPrivate":false,"settingStoreCookies":true,"settingSendCookies":true,"settingDisableRenderRequestBody":false,"settingEncodeUrl":true,"settingRebuildPath":true,"settingFollowRedirects":"global","_type":"request"},{"_id":"env_476ed2199c610c2aef17b7aeb70d52720df74dce","parentId":"wrk_71229124c15a46628bebf0cf9c7461e4","modified":1698706062527,"created":1698706062527,"name":"Base Environment","data":{},"dataPropertyOrder":null,"color":null,"isPrivate":false,"metaSortKey":1698706062527,"_type":"environment"},{"_id":"jar_476ed2199c610c2aef17b7aeb70d52720df74dce","parentId":"wrk_71229124c15a46628bebf0cf9c7461e4","modified":1698706062528,"created":1698706062528,"name":"Default Jar","cookies":[],"_type":"cookie_jar"}]}